season,percentage_contribution
1,15.678755020550591
2,27.872740508280735
3,31.298131906306477
4,25.150372564862195
